Hopital Cavale,1
Hopital Cavale 2,1
Hopital Cavale 1,1
Ecole Commerce,1
Gascogne,1
Dauphine,1
Tarente,1
Patinoire,1
Kermenguy,1
Bouguen,1
Universites,1
Albert 1er,1
Malakoff,1
Hotel de Ville,1
Liberte Place,1
Liberte Quartz,1
Kennedy Gare,1
Gare,1
Kennedy Gare,1
Rampes,1
Musee Marine,1
Francais Libres,1
Recouvrance,1
Maissin,1
Javouhey,1
Loti,1
Fr. d' Esperey,1
Kerangoff,1
Paul Bert,1
Kerbonne,1
Cosmao Pretot,1
Castel-an-Daol,1
Bourayne,1
Kerzudal,1
St Pierre,1
Panier Fleuri,1
Fort Montbarey,1
Lambezellec,3
Giloux,3
Chapalain,3
Place des FFI,3
Place Bretagne,3
Berlioz,3
Couperin,3
Treornou,3
Gretry,3
Gay Lussac,3
Keralloche,3
Kerinou,3
Peguy,3
Pasteur,3
Albert 1er,3
Malakoff,3
Hotel de Ville,3
Liberte Place,3
Liberte Quartz,3
Gambetta-Gare,3
Republique,3
Sane,3
Sanquer,3
Richelieu,3
Octroi,3
Poul-ar-Bachet,3
Douric,3
Rodin,3
Guynemer,3
D'Estrees,3
Maleyssie,3
Brazza,3
Dixmude,3
St Marc,3
Kerisbian,3
Bernard,3
Le Goffic,3
Landelle,3
Palaren,3
Port Plaisance,3
Ty-Yann,3
Oceanopolis,3
Hopital Cavale 2,4
Questel,4
Prigent,4
Le Greco,4
Amiral Ronarc'h,4
Kant,4
Michel-Ange,4
Schubert,4
Warspite,4
Tallinn,4
Kerfeunteun,4
Vali Hir,4
Polygone,4
Beaumanoir,4
Route de Guilers,4
Landais,4
Les Capucins,4
Coppin,4
Harteloire,4
Multiplexe,4
Liberte Quartz,4
Kennedy Gare,4
Rampes,4
Port du Chateau,4
Les iles,4
La Carene,4
Port de Commerce,4
Formes,4
Provence,5
Porte Gouesnou,5
Porte Gouesnou,5
Lagadec,5
Keruchen,5
Keraudren,5
Niepce,5
Poul ar Feunteun,5
Baudot,5
Broussais,5
Dunant,5
Lanroze,5
St Vincent,5
Lambezellec,5
Giloux,5
Chapalain,5
Place des FFI,5
Place Bretagne,5
Pen-ar-Menez,5
Croix Rouge,5
Jules Lesven,5
Kerichen Lesven,5
4 Chemins,5
Choiseul,5
Dourjacq,5
Villeneuve,5
Coulomb,5
Kergonan,5
Pont Neuf,5
Kerbernard,5
Coq Hardi,5
Pen-ar-Creac'h,5
Strasbourg,5
Strasbourg Valmy,5
Lyautey,5
Rodin,5
Guynemer,5
Guelmeur Eglise,5
"D""Est. d'Orves",5
Forestou,5
Sane,5
Republique,5
Gambetta-Gare,5
Liberte Quartz,5
Multiplexe,5
C A F,5
Portzmoguer,5
Boulogne,5
Segur,5
Bouguen,5
Kermenguy,5
Duc d'Aumale,5
Kergoat,5
Garnier,5
Clauzel,5
Normandie,5
Patinoire,5
Vendee,5
Saintonge,5
Berry,5
Dauphine,5
Gascogne,5
Provence,5
Cl.Keraudren,6
Keraudren,6
Maison d'arret,6
Kermaria,6
Pen-ar-C'hleuz,6
Le Nobletz,6
Giloux,6
Chapalain,6
Place des FFI,6
Place Bretagne,6
Berlioz,6
AFPA,6
Chatellier,6
Charpentier,6
Franklin,6
Gay Lussac,6
ISEN,6
Cuirasse,6
Langevin,6
Kermenguy,6
Kerhallet,6
Anse Saupin,6
La Digue,6
Liberation,6
Kant,6
Amiral Ronarc'h,6
Le Greco,6
Wagner,6
Demy,6
Feuillere,6
Mesnos,6
Lanninguer,6
Coat Tan,6
Emile Rousse,6
Tartu,6
Bourayne,6
Mesdoun,6
Ecole Navale,6
Ypres,6
Kerargaouyat,6
Stendhal,6
Pouleder,6
Quilbignon,6
Comte,6
Taine,6
Kernabat,6
De Nerval,6
Casabianca,6
Cruguel,6
Cocteau,6
Thibaudet,6
Gergotich,6
Fort Montbarey,6
Fort Montbarey,6
Petite Gare,7
Petite Gare,7
Fortin,7
Rte de Bohars,7
Hopital Tromeur,7
Clinique Iroise,7
Petit Kerven,7
Marregues,7
Grand Kerizac,7
Du Prajen,7
Messioual,7
Messioual,7
Kervao,7
Loscoat,7
Kercastrec,7
Rostand,7
Brasserie,7
Place des FFI,7
Chapalain,7
St Christophe,7
Mirabeau,7
Blum,7
Kerichen Lycee,7
St Luc,7
Messidou,7
Kerigonan,7
Malakoff,7
Hotel de Ville,7
Liberte Frezier,7
Ty ar Menez,8
Colas,8
Kervenal,8
Croas-ar-Bis,8
Guivarch,8
Kerdangui,8
Champ de Foire,8
Meheut,8
Fontaine Blanche,8
Kerbrat,8
Toull-ar-Ranig,8
Bodonn,8
Salaun,8
Filliger,8
Deredec,8
Roc'h-Kerezen,8
Ty Armor,8
Kap Huella,8
Rody,8
Palaren,8
Jardin Botanique,8
Rte de Quimper,8
Floch,8
Le Bot Haut,8
Stade F.Le Ble,8
Strasbourg,8
Strasbourg,8
Braille,8
Hoche,8
Montaigne,8
Le Moult,8
Donnart,8
Albert 1er,8
Malakoff,8
Hotel de Ville,8
Liberte Frezier,8
Petite Gare,9
Pen-ar-Guear,9
Bohars Bourg,9
Chapelle,9
Beuzit,9
Bohars-Kerguillo,9
Seguin,9
Roz-Vian,9
Lannoc,9
Etang,9
Bourbonnais,9
Tarente,9
Patinoire,9
Kermenguy,9
Bouguen,9
Universites,9
Foch,9
Hopital Morvan,9
Liberte Morvan,9
Liberte Morvan,10
Multiplexe,10
Hopital Morvan,10
Foch,10
Universites,10
Bouguen,10
Kermenguy,10
Le Gorgeu,10
Bergot,10
Etang,10
Gouez,10
Penfeld,10
Castelmein,10
Coat ty Ogant,10
Coat Mez,10
Lancelot,10
Guilers Mairie,10
Kerionoc,10
Kermengleuz,10
Guilers Eglise,10
Daurat,10
Croas-ar-Pennoc,10
Kerouriat,10
La Source,10
Roudous,10
Kerzespez,10
Chataigniers,10
Manet,10
Camelias,10
Poull-Pren,10
Freyssinet,10
Roberval,10
Kerjean,11
Keriguel,11
Jezequel,11
Mediatheque,11
Cormorans,11
Resistance,11
Pont SNCF,11
Kerhuon Mairie,11
Guehenno,11
Reun-ar-C'hoat,11
Keroumen,11
Fleming,11
Le Reun,11
Kerhuon Bourg,11
Danton,11
Kerscao,11
Kerhuel,11
Kermadec,11
Ste Barbe,11
Moulin Blanc,11
Rody,11
Palaren,11
Jardin Botanique,11
Rte de Quimper,11
Floch,11
Le Bot Haut,11
Stade F.Le Ble,11
Strasbourg,11
Place Strasbourg,11
Place Strasbourg,11
Pen-ar-c'hleuz,12
Pen-ar-C'hleuz,12
Kermaria,12
Paulet,12
8 mai 1945,12
Kerzu,12
Choiseul,12
Kerichen Lesven,12
Hoche,12
Braille,12
Strasbourg loupp,12
Strasbourg,12
Pen-ar-Creac'h,12
Coq Hardi,12
Kerbernard,12
Pont Neuf,12
Stang-Alar,12
Tourbian,12
Kervillerm,12
Coataudon,12
Froutven,12
Salanguis,12
Lavallot,12
Ti-Ruz,12
Coat-Jestin,12
Kerjaouen,12
Le Coat,12
St-Herbot,12
St-Eloi,12
Pen-an-Dalar,12
Kergompez,12
Champagne,12
Kerafur,12
Ribeuze,12
Pompidou,12
Guipavas Awena,12
Monnet,12
Anne de Bretagne,12
Keranna,12
Plouzane Mairie,13
Mescouezel,13
Kerrarouz,13
Commerce,13
Enclos,13
Kerhourlo,13
Croas ar Go,13
Faraday,13
Technopole,13
Ecoles,13
De Rochon,13
Piccard,13
Plage Ste Anne,13
Cosquer,13
Mimosas,13
Portzic,13
Chateau d'eau,13
Porte Plouzane,13
Fort Montbarey,13
Danton,14
Danton,14
Kerhuon Bourg,14
Kerhuon Mairie,14
Pont SNCF,14
Resistance,14
Cormorans,14
Pyrotechnie,14
Le Passage,14
Camfrout,14
Prince Russe,14
Maze,14
Le Mendy,14
Baradozic,14
Moulin Blanc,14
Rody,14
Palaren,14
Jardin Botanique,14
Rte de Quimper,14
Floch,14
Le Bot Haut,14
Stade F.Le Ble,14
Strasbourg,14
Place Strasbourg,14
Place Strasbourg,14
Plouzane Bourg,15
Mouettes,15
Lourc'h,15
Landrean,15
Cloitre,15
Aber-Ildut,15
Penhuel,15
Malmanche,15
Plouzane Mairie,15
Kerallan,15
Sycomores,15
Bleuets,15
Myosotis,15
Commerce,15
Enclos,15
La Trinite,15
Keramaze,15
Lannevel-Braz,15
Coatuelen,15
Chateau d'eau,15
Porte Plouzane,15
Fort Montbarey,15
Lantel,16
Le Crann,16
Frenes,16
Guepratte,16
Anjou,16
Peupliers,16
Capucines,16
Le Bois,16
Le Bras,16
Place des Fusill,16
De Gaulle,16
Kerlois,16
Kerinaouen,16
Porte Gouesnou,16
Prat Ledan,17
A.France,17
Le Moigne,17
4 Moulins,17
Kerbonne,17
Kerbonne Eglise,17
Dupetit Thouars,17
Amundsen,17
Mesdoun,17
Keranquere,17
Pouleder,17
Stendhal,17
Kerargaouyat,17
Ypres,17
Ecole Navale,17
Ecole Navale,17
Mesdoun,17
Amundsen,17
Dupetit Thouars,17
Kerbonne Eglise,17
Kerbonne,17
4 Moulins,17
Le Moigne,17
A.France,17
Prat Ledan,17
